status,count,log(count)
501,41,3.713572066704308
500,65,4.174387269895637
400,15,2.70805020110221
403,225,5.41610040220442
404,20899,9.947456589918252
200,3100524,14.947081687429097
304,266773,12.494153388502301
302,73070,11.199173164785263
